theta0,theta1
8453.381703255682,-0.02099166012316029
